Unnamed: 0,Unnamed: 1,Unnamed: 2,Unnamed: 3
step2success,0,,
step2success,1,,
step2success,2,,
step2success,3,,"Hi, Your great"
step2success,4,,
step2success,5,,
step2success,6,,
step2success,7,,
step2success,8,,
step2success,9,,
step2success,10,,
step2success,11,,
step2success,12,,
step2success,13,,
step2success,14,,
step2success,15,,
step2success,16,,
step2success,17,,
step2success,18,,
step2success,19,,
step2success,20,,
step2success,21,,
step2success,22,,
step2success,23,,
step2success,24,,
step2success,25,,
step2success,26,,
step2success,27,,
step2success,28,,
step2success,29,,
step2success,30,,
step2success,31,,
step2success,32,,
step2success,33,,
step2success,34,,
step2success,35,,
step2success,36,,
step2success,37,,
step2success,38,,
step2success,39,,
step2success,40,,
step2success,41,,
step2success,42,,
step2success,43,,
step2success,44,,
step2success,45,,
step2success,46,,
step2success,47,,
step2success,48,,
step2success,49,,
